﻿{
  "SendGridKey": "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",
  "schedulerLicenseKey": "CC-Attribution-NonCommercial-NoDerivatives",
  "Authentication:Microsoft:ClientId": "dd94ddae-ba02-4771-9cd5-02cd9c6c5713",
  "Authentication:Google:ClientSecret": "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",
  "Authentication:Google:ClientId": "951632747736-42be611mu2e2srtr2ebjb4bh1fuq00te.apps.googleusercontent.com",
  "Authentication:Facebook:AppSecret": "921fddc62199aef595aeae58fd6428ef",
  "Authentication:Facebook:AppId": "855192582525168",
  "Authentication:Microsoft:ClientSecret": "He08Q~HmgSrH-v0pDjB~tmrv8.nz.bHxsHlsOdv3"
}